<?xml version="1.0" encoding="UTF-8"?>
<project-private xmlns="http://www.netbeans.org/ns/project-private/1">
    <editor-bookmarks xmlns="http://www.netbeans.org/ns/editor-bookmarks/2" lastBookmarkId="0"/>
    <open-files xmlns="http://www.netbeans.org/ns/projectui-open-files/2">
        <group>
            <file>file:/Users/leonorcarvalhais/lapr1_equipa1/Social_Network_Manager/src/social_network_manager/CalculosMatrizes.java</file>
            <file>file:/Users/leonorcarvalhais/lapr1_equipa1/Social_Network_Manager/src/social_network_manager/Config.java</file>
            <file>file:/Users/leonorcarvalhais/lapr1_equipa1/Social_Network_Manager/src/social_network_manager/LeitorFicheiros.java</file>
            <file>file:/Users/leonorcarvalhais/lapr1_equipa1/Social_Network_Manager/src/social_network_manager/Utilitarios.java</file>
            <file>file:/Users/leonorcarvalhais/lapr1_equipa1/Social_Network_Manager/src/social_network_manager/Social_Network_Manager.java</file>
        </group>
    </open-files>
</project-private>
